epoch,time,train/box_loss,train/cls_loss,train/dfl_loss,metrics/precision(B),metrics/recall(B),metrics/mAP50(B),metrics/mAP50-95(B),val/box_loss,val/cls_loss,val/dfl_loss,lr/pg0,lr/pg1,lr/pg2
1,23.6084,1.79245,5.25176,1.13328,0,0,0,0,0.91986,5.06032,0.97413,3.808e-05,3.808e-05,3.808e-05
2,33.106,1.31598,4.8843,0.97966,0,0,0,0,1.1432,4.85679,0.87951,8.01189e-05,8.01189e-05,8.01189e-05
3,42.7512,1.22311,4.44868,0.92729,0,0,0,0,0.88916,4.67202,0.80871,0.00012131,0.00012131,0.00012131
4,51.5674,1.15113,3.783,0.88267,0.05435,0.14615,0.0621,0.05395,0.89677,4.48392,0.7899,0.000161652,0.000161652,0.000161652
5,60.2668,1.11085,3.13604,0.8611,0.03907,0.18889,0.12077,0.07705,0.94206,4.17491,0.80523,0.000201146,0.000201146,0.000201146
6,68.8616,0.98813,2.57906,0.84878,0.05494,0.35128,0.15364,0.10926,0.88756,3.89653,0.79013,0.000239792,0.000239792,0.000239792
7,77.266,0.91477,2.18827,0.83696,0.10558,0.50855,0.29847,0.23768,0.82747,3.55175,0.78024,0.00027759,0.00027759,0.00027759
8,85.9576,0.87797,2.02273,0.8228,0.10377,0.7265,0.40104,0.31087,0.84686,3.20025,0.80069,0.000314539,0.000314539,0.000314539
9,95.0527,0.85208,1.83687,0.82822,0.124,0.76496,0.43535,0.33999,0.82876,2.91323,0.814,0.000350641,0.000350641,0.000350641
10,104.126,0.79849,1.59906,0.81852,0.12708,0.82991,0.54911,0.42958,0.819,2.83443,0.80471,0.000385894,0.000385894,0.000385894
11,112.882,0.79319,1.51128,0.82077,0.12876,0.8,0.57656,0.45868,0.84827,2.66358,0.81212,0.000420298,0.000420298,0.000420298
12,121.346,0.8013,1.39285,0.81687,0.84982,0.4063,0.64215,0.51135,0.81299,2.46851,0.82602,0.000424164,0.000424164,0.000424164
13,130.029,0.76973,1.35363,0.8207,0.82474,0.51905,0.66717,0.5305,0.84795,2.08104,0.83099,0.000419451,0.000419451,0.000419451
14,138.377,0.72573,1.24537,0.81703,0.80193,0.62046,0.68639,0.54402,0.75332,1.76764,0.82786,0.000414739,0.000414739,0.000414739
15,147.644,0.69623,1.17511,0.80901,0.7063,0.64377,0.70388,0.55364,0.7868,1.81193,0.82538,0.000410026,0.000410026,0.000410026
16,156.625,0.73113,1.14742,0.80353,0.77166,0.58042,0.66813,0.54569,0.68801,1.67657,0.82199,0.000405314,0.000405314,0.000405314
17,165.079,0.69627,1.0967,0.80765,0.76964,0.5834,0.65925,0.51705,0.71751,1.50438,0.82703,0.000400602,0.000400602,0.000400602
18,174.188,0.67293,1.01716,0.80442,0.77334,0.58816,0.65705,0.53224,0.64357,1.41236,0.82469,0.000395889,0.000395889,0.000395889
19,183.216,0.65527,0.97827,0.81185,0.66469,0.65345,0.66959,0.52456,0.693,1.37824,0.8287,0.000391177,0.000391177,0.000391177
20,191.442,0.64243,0.97628,0.79923,0.6918,0.73921,0.72262,0.58656,0.60683,1.20985,0.81446,0.000386464,0.000386464,0.000386464
21,200.304,0.64382,0.94224,0.80074,0.52009,0.84935,0.77699,0.61137,0.6216,1.08494,0.81841,0.000381752,0.000381752,0.000381752
22,209.181,0.63906,0.95847,0.80914,0.64262,0.74192,0.88325,0.6759,0.64088,1.08752,0.81894,0.00037704,0.00037704,0.00037704
23,218.792,0.62256,0.94118,0.80275,0.60147,0.79914,0.86541,0.70441,0.59188,1.07857,0.81388,0.000372327,0.000372327,0.000372327
24,228.409,0.61271,0.85925,0.80013,0.64779,0.81051,0.83237,0.63805,0.67496,1.03854,0.82146,0.000367615,0.000367615,0.000367615
25,239.639,0.57986,0.8285,0.79736,0.67862,0.81988,0.83063,0.67091,0.58762,1.05163,0.82164,0.000362902,0.000362902,0.000362902
26,249.975,0.61142,0.82783,0.80238,0.67351,0.83601,0.83115,0.64021,0.62696,1.04291,0.82057,0.00035819,0.00035819,0.00035819
27,260.289,0.5979,0.81724,0.79626,0.67221,0.82759,0.82223,0.64278,0.649,0.97944,0.826,0.000353478,0.000353478,0.000353478
28,271.264,0.5814,0.77582,0.80062,0.67953,0.80937,0.82194,0.64482,0.66434,0.99011,0.82834,0.000348765,0.000348765,0.000348765
29,281.408,0.58277,0.80159,0.79686,0.57669,0.90598,0.79781,0.64866,0.6643,0.97327,0.82355,0.000344053,0.000344053,0.000344053
30,292.612,0.59951,0.80468,0.79786,0.60048,0.90503,0.80329,0.6466,0.61177,1.00362,0.81678,0.00033934,0.00033934,0.00033934
31,302.591,0.56541,0.7575,0.78857,0.59439,0.90598,0.8162,0.68206,0.61671,0.98935,0.82088,0.000334628,0.000334628,0.000334628
32,312.821,0.54015,0.74036,0.78379,0.71081,0.81604,0.83678,0.67071,0.64514,0.96685,0.82947,0.000329916,0.000329916,0.000329916
33,322.464,0.55255,0.72969,0.79272,0.66989,0.80797,0.83436,0.67878,0.61256,0.96063,0.82844,0.000325203,0.000325203,0.000325203
34,331.876,0.53962,0.71555,0.79538,0.54953,0.90598,0.79422,0.62905,0.64294,0.98743,0.82966,0.000320491,0.000320491,0.000320491
35,342.447,0.54853,0.73967,0.79286,0.55502,0.88237,0.77848,0.6161,0.70784,0.96209,0.83684,0.000315778,0.000315778,0.000315778
36,352.322,0.54029,0.7326,0.79092,0.54447,0.90598,0.8184,0.65549,0.69831,1.01625,0.84171,0.000311066,0.000311066,0.000311066
37,362.529,0.53974,0.70713,0.7984,0.80811,0.71977,0.82,0.66762,0.62782,0.9623,0.83519,0.000306354,0.000306354,0.000306354
38,372.212,0.52265,0.69199,0.79151,0.81006,0.72687,0.82099,0.66751,0.64348,0.95426,0.82792,0.000301641,0.000301641,0.000301641
39,381.6,0.51563,0.67461,0.78397,0.78671,0.73104,0.82483,0.68625,0.60056,0.96694,0.82007,0.000296929,0.000296929,0.000296929
40,391.293,0.50647,0.67724,0.78586,0.82617,0.73418,0.84671,0.71981,0.62038,0.95039,0.82281,0.000292216,0.000292216,0.000292216
41,401.098,0.51052,0.66037,0.78588,0.61536,0.88242,0.83498,0.69544,0.61087,0.94169,0.82469,0.000287504,0.000287504,0.000287504
42,411.247,0.51122,0.66778,0.79036,0.61755,0.89571,0.83543,0.68274,0.61827,0.93541,0.82541,0.000282792,0.000282792,0.000282792
43,421.46,0.49042,0.65189,0.78744,0.62882,0.90308,0.84054,0.67984,0.62692,0.9191,0.82136,0.000278079,0.000278079,0.000278079
44,430.684,0.49924,0.65212,0.78739,0.63535,0.90037,0.8483,0.68821,0.63284,0.9309,0.82169,0.000273367,0.000273367,0.000273367
45,442.447,0.50849,0.6518,0.78477,0.62912,0.88866,0.84638,0.68033,0.64083,0.92157,0.81876,0.000268654,0.000268654,0.000268654
46,451.895,0.49106,0.63483,0.78752,0.6215,0.88638,0.84222,0.68169,0.65126,0.93969,0.81991,0.000263942,0.000263942,0.000263942
47,462.831,0.47487,0.62211,0.77844,0.6024,0.90279,0.83884,0.67218,0.65716,0.91455,0.82227,0.00025923,0.00025923,0.00025923
48,473.316,0.47892,0.60609,0.7884,0.75066,0.82906,0.83983,0.68396,0.64185,0.93014,0.82207,0.000254517,0.000254517,0.000254517
49,487.197,0.48972,0.62378,0.78877,0.72522,0.82906,0.83456,0.65993,0.66432,0.97079,0.8256,0.000249805,0.000249805,0.000249805
50,501.163,0.48734,0.62725,0.78335,0.75012,0.82906,0.83329,0.65255,0.6587,0.94347,0.8274,0.000245092,0.000245092,0.000245092
51,520.071,0.48365,0.60682,0.78313,0.74181,0.80536,0.83539,0.68338,0.63712,0.93884,0.82586,0.00024038,0.00024038,0.00024038
52,539.366,0.47006,0.60063,0.77797,0.71833,0.76849,0.83709,0.66396,0.66856,0.94615,0.81903,0.000235668,0.000235668,0.000235668
53,557.417,0.49503,0.63616,0.78639,0.72163,0.79702,0.84284,0.70791,0.61174,0.92514,0.81617,0.000230955,0.000230955,0.000230955
54,577.867,0.45156,0.59176,0.78489,0.7415,0.80543,0.90652,0.76778,0.61315,0.90018,0.8185,0.000226243,0.000226243,0.000226243
55,588.243,0.45005,0.57993,0.78251,0.633,0.90598,0.90713,0.76238,0.64926,0.89158,0.82012,0.00022153,0.00022153,0.00022153
56,598.804,0.4442,0.57515,0.77009,0.59112,0.90598,0.91179,0.77147,0.61791,0.87238,0.81795,0.000216818,0.000216818,0.000216818
57,608.98,0.44069,0.57551,0.78595,0.56757,0.90598,0.90182,0.75319,0.62326,0.8891,0.81456,0.000212106,0.000212106,0.000212106
58,619.534,0.45878,0.57486,0.78079,0.677,0.79689,0.89302,0.74293,0.64734,0.91697,0.81473,0.000207393,0.000207393,0.000207393
59,630.347,0.44105,0.58742,0.77879,0.68692,0.85192,0.91185,0.73321,0.62307,0.91069,0.8178,0.000202681,0.000202681,0.000202681
60,640.325,0.4531,0.56885,0.78613,0.71199,0.84098,0.91157,0.75389,0.64894,0.94416,0.81875,0.000197968,0.000197968,0.000197968
61,649.872,0.44956,0.57073,0.78578,0.72567,0.84191,0.91111,0.75735,0.64855,0.90881,0.81933,0.000193256,0.000193256,0.000193256
62,660.224,0.4436,0.55586,0.77802,0.72932,0.84831,0.91217,0.768,0.64548,0.87962,0.81836,0.000188544,0.000188544,0.000188544
63,671.171,0.44529,0.56497,0.7752,0.73142,0.84709,0.91185,0.76485,0.62683,0.86699,0.81704,0.000183831,0.000183831,0.000183831
64,682.246,0.45113,0.55218,0.77609,0.63519,0.97695,0.91185,0.745,0.63086,0.88144,0.81807,0.000179119,0.000179119,0.000179119
65,692.943,0.3955,0.55002,0.77513,0.62535,0.97432,0.91217,0.76017,0.64712,0.90953,0.81851,0.000174406,0.000174406,0.000174406
66,704.375,0.42826,0.54213,0.7807,0.62765,0.97468,0.87358,0.71159,0.64708,0.92327,0.8178,0.000169694,0.000169694,0.000169694
67,715.732,0.41567,0.54434,0.78311,0.62969,0.97464,0.87358,0.73498,0.61923,0.93062,0.81666,0.000164982,0.000164982,0.000164982
68,725.846,0.43418,0.54334,0.78157,0.60633,0.90598,0.86009,0.72042,0.59953,0.92262,0.81502,0.000160269,0.000160269,0.000160269
69,737.193,0.42408,0.55086,0.77321,0.58158,0.90598,0.86054,0.70869,0.61962,0.92339,0.81443,0.000155557,0.000155557,0.000155557
70,749.161,0.42406,0.56398,0.77837,0.68438,0.82906,0.86054,0.70681,0.63465,0.91117,0.8136,0.000150844,0.000150844,0.000150844
71,759.827,0.39247,0.51385,0.78046,0.72457,0.87723,0.8739,0.72402,0.63027,0.87885,0.81631,0.000146132,0.000146132,0.000146132
72,769.653,0.42705,0.55196,0.77457,0.72603,0.81329,0.89942,0.74268,0.63438,0.87711,0.81614,0.00014142,0.00014142,0.00014142
73,781.092,0.41931,0.55164,0.78063,0.74817,0.8214,0.89942,0.75032,0.60899,0.87679,0.81276,0.000136707,0.000136707,0.000136707
74,791.351,0.41715,0.54446,0.77559,0.7545,0.82696,0.89942,0.7557,0.60726,0.86982,0.81364,0.000131995,0.000131995,0.000131995
75,803.234,0.41352,0.52267,0.78163,0.74545,0.82906,0.89836,0.75702,0.62591,0.88134,0.81461,0.000127282,0.000127282,0.000127282
76,814.879,0.42391,0.53183,0.78056,0.63197,0.90598,0.89836,0.7552,0.61173,0.86711,0.81257,0.00012257,0.00012257,0.00012257
